City Name,Country Name,Latitude,Longitude,Temperature,Humidity,Cloudiness,Windspeed,Date
Severo-Kuril'sk,RU,50.68,156.12,51.37,83,100,5.08,2020-07-24 02:45:54
Lavrentiya,RU,65.58,-171.0,56.17,61,100,8.59,2020-07-24 02:49:45
San Patricio,MX,19.22,-104.7,82.4,74,75,4.83,2020-07-24 02:41:51
Barrow,US,71.29,-156.79,39.2,93,90,8.05,2020-07-24 02:45:25
Muisne,EC,0.6,-80.03,73.42,85,99,8.39,2020-07-24 02:49:45
Barra de Tecoanapa,MX,16.52,-98.75,81.18,78,9,5.19,2020-07-24 02:49:45
Jamestown,US,42.1,-79.24,70.3,88,75,4.7,2020-07-24 02:45:19
New Norfolk,AU,-42.78,147.06,48.54,79,100,2.68,2020-07-24 02:45:24
Butaritari,KI,3.07,172.79,82.83,77,1,12.97,2020-07-24 02:45:18
Punta Arenas,CL,-53.15,-70.92,39.09,80,100,23.04,2020-07-24 02:45:19
Mataura,NZ,-46.19,168.86,44.22,70,99,8.34,2020-07-24 02:45:19
Chui,UY,-33.7,-53.46,64.63,95,83,5.79,2020-07-24 02:45:46
Cape Town,ZA,-33.93,18.42,55.4,62,0,2.24,2020-07-24 02:41:14
Port Elizabeth,ZA,-33.92,25.57,46.4,81,0,2.24,2020-07-24 02:45:18
Ponta do Sol,PT,32.67,-17.1,63.82,68,20,12.75,2020-07-24 02:46:49
Norman Wells,CA,65.28,-126.83,60.8,63,75,13.87,2020-07-24 02:45:26
Ulladulla,AU,-35.35,150.47,60.21,55,0,8.05,2020-07-24 02:45:20
Tabas,IR,33.6,56.92,89.6,15,0,4.7,2020-07-24 02:49:46
Kargil,IN,34.57,76.1,58.82,44,0,5.64,2020-07-24 02:49:46
Benguela,AO,-12.58,13.41,67.5,82,0,0.92,2020-07-24 02:46:29
Comodoro Rivadavia,AR,-45.87,-67.5,28.4,92,0,5.64,2020-07-24 02:46:34
East London,ZA,-33.02,27.91,60.78,33,0,7.49,2020-07-24 02:41:58
Trelew,AR,-43.25,-65.31,35.8,78,88,7.25,2020-07-24 02:49:47
Kommunisticheskiy,RU,61.68,64.48,63.55,52,63,3.71,2020-07-24 02:49:47
Vaini,TO,-21.2,-175.2,75.2,83,40,5.82,2020-07-24 02:45:17
Kavieng,PG,-2.57,150.8,83.48,74,100,7.16,2020-07-24 02:45:59
Ossora,RU,59.24,163.07,68.22,46,27,1.63,2020-07-24 02:49:47
Penzance,GB,50.12,-5.54,61.92,100,90,3.36,2020-07-24 02:49:33
Karpogory,RU,64.0,44.45,59.54,92,100,9.95,2020-07-24 02:49:47
Grindavik,IS,63.84,-22.43,46.4,87,40,10.29,2020-07-24 02:46:49
Bubaque,GW,11.28,-15.83,79.81,84,100,15.52,2020-07-24 02:45:45
Mchinji,MW,-13.8,32.88,46.31,98,15,5.57,2020-07-24 02:49:48
Ushuaia,AR,-54.8,-68.3,37.4,86,75,12.75,2020-07-24 02:43:19
Puerto Ayora,EC,-0.74,-90.35,66.99,97,85,5.99,2020-07-24 02:45:44
Zambezi,ZM,-13.54,23.1,48.58,62,99,7.0,2020-07-24 02:49:48
Hilo,US,19.73,-155.09,78.31,61,75,9.17,2020-07-24 02:45:12
Hermanus,ZA,-34.42,19.23,54.0,77,0,3.0,2020-07-24 02:45:31
Mossamedes,AO,-15.2,12.15,65.91,68,0,4.52,2020-07-24 02:46:12
Ormara,PK,25.21,64.64,84.72,80,99,14.54,2020-07-24 02:49:49
Iqaluit,CA,63.75,-68.51,55.4,58,90,5.82,2020-07-24 02:42:44
Kapaa,US,22.08,-159.32,81.41,74,75,11.41,2020-07-24 02:41:56
Busselton,AU,-33.65,115.33,57.42,64,42,9.37,2020-07-24 02:45:22
Pavlodar,KZ,52.3,76.95,68.0,60,75,13.42,2020-07-24 02:49:49
Albany,US,42.6,-73.97,73.92,97,44,5.55,2020-07-24 02:46:04
Rikitea,PF,-23.12,-134.97,67.24,59,39,14.07,2020-07-24 02:45:18
Luwuk,ID,-0.95,122.79,84.31,62,76,7.49,2020-07-24 02:47:15
Boden,SE,65.83,21.69,53.6,93,88,9.17,2020-07-24 02:49:49
São Filipe,CV,14.9,-24.5,76.73,85,90,10.07,2020-07-24 02:46:06
St. George's,GD,12.06,-61.75,82.4,74,20,6.93,2020-07-24 02:45:15
Qaanaaq,GL,77.48,-69.36,44.87,59,0,2.33,2020-07-24 02:42:11
Rawson,AR,-43.3,-65.1,37.54,74,87,8.21,2020-07-24 02:42:14
Mapiripán,CO,2.89,-72.13,73.4,95,100,0.89,2020-07-24 02:49:50
Upernavik,GL,72.79,-56.15,44.92,78,51,8.5,2020-07-24 02:45:59
Arraial do Cabo,BR,-22.97,-42.03,68.0,88,4,8.05,2020-07-24 02:45:43
Tasiilaq,GL,65.61,-37.64,37.4,93,99,6.93,2020-07-24 02:45:42
Bluff,NZ,-46.6,168.33,46.94,72,100,26.15,2020-07-24 02:42:27
Tuatapere,NZ,-46.13,167.68,46.17,70,82,11.07,2020-07-24 02:45:58
Bredasdorp,ZA,-34.53,20.04,50.0,93,0,3.36,2020-07-24 02:41:43
Babušnica,RS,43.06,22.41,64.69,93,20,2.24,2020-07-24 02:49:51
Paignton,GB,50.44,-3.57,61.47,9,96,3.0,2020-07-24 02:49:51
Sindor,RU,62.86,51.89,63.14,78,51,7.05,2020-07-24 02:49:51
Atambua,ID,-9.11,124.89,82.24,40,9,2.17,2020-07-24 02:49:51
Salalah,OM,17.02,54.09,78.8,88,75,10.29,2020-07-24 02:43:00
Vanimo,PG,-2.67,141.3,86.32,66,9,7.81,2020-07-24 02:49:51
Martapura,ID,-3.42,114.85,82.4,83,75,5.82,2020-07-24 02:46:28
Atuona,PF,-9.8,-139.03,79.39,77,23,18.95,2020-07-24 02:45:38
Kaitangata,NZ,-46.28,169.85,46.99,57,100,18.99,2020-07-24 02:43:46
Oistins,BB,13.07,-59.53,82.4,69,75,10.29,2020-07-24 02:46:29
Kutum,SD,14.2,24.67,71.74,77,45,17.72,2020-07-24 02:46:14
Havøysund,NO,71.0,24.66,48.2,100,75,6.93,2020-07-24 02:47:02
Bengkulu,ID,-3.8,102.27,80.1,78,95,0.83,2020-07-24 02:45:30
Wichita Falls,US,33.91,-98.49,85.06,62,1,4.7,2020-07-24 02:49:52
Port Alfred,ZA,-33.59,26.89,61.83,34,0,8.32,2020-07-24 02:45:22
Yangi Marg`ilon,UZ,40.43,71.72,80.6,36,76,4.7,2020-07-24 02:49:52
Shimoda,JP,34.67,138.95,77.38,88,75,2.24,2020-07-24 02:49:52
Heyang,CN,26.1,107.47,81.03,71,99,9.86,2020-07-24 02:49:53
Vao,NC,-22.67,167.48,69.85,81,13,19.42,2020-07-24 02:49:53
Talnakh,RU,69.49,88.4,50.0,76,33,26.84,2020-07-24 02:44:07
Orem,US,40.3,-111.69,76.48,33,75,13.87,2020-07-24 02:45:45
Tiznit Province,MA,29.58,-9.5,76.82,34,0,0.72,2020-07-24 02:49:53
China,MX,25.7,-99.23,86.86,59,97,18.9,2020-07-24 02:48:06
Coyhaique,CL,-45.58,-72.07,17.6,92,7,2.24,2020-07-24 02:49:53
Brae,GB,60.4,-1.35,50.0,93,23,5.82,2020-07-24 02:49:53
Chokurdakh,RU,70.63,147.92,79.23,45,91,3.06,2020-07-24 02:45:27
Clyde River,CA,70.47,-68.59,44.6,87,90,3.09,2020-07-24 02:45:46
Port Blair,IN,11.67,92.75,82.4,78,75,4.7,2020-07-24 02:46:53
Coahuayana Viejo,MX,18.73,-103.68,77.07,88,100,1.83,2020-07-24 02:45:56
University Park,US,25.75,-80.37,77.14,88,90,12.06,2020-07-24 02:49:54
Khatanga,RU,71.97,102.5,43.39,92,100,16.17,2020-07-24 02:41:40
Esperance,AU,-33.87,121.9,55.4,82,90,4.7,2020-07-24 02:46:34
Powell River,CA,49.85,-124.54,62.73,82,90,3.36,2020-07-24 02:46:21
Naze,JP,28.37,129.48,87.8,79,75,18.34,2020-07-24 02:46:50
Portland,US,45.52,-122.68,71.15,49,20,6.93,2020-07-24 02:42:48
Saskylakh,RU,71.92,114.08,63.68,74,92,9.64,2020-07-24 02:46:05
San Rafael,AR,-34.62,-68.33,35.38,82,13,3.53,2020-07-24 02:49:55
George Town,MY,5.41,100.34,83.93,83,40,5.82,2020-07-24 02:45:37
Hobart,AU,-42.88,147.33,51.82,62,75,9.17,2020-07-24 02:43:46
Ancud,CL,-41.87,-73.82,38.55,93,75,1.12,2020-07-24 02:45:19
Lebu,CL,-37.62,-73.65,43.92,73,0,6.08,2020-07-24 02:46:04
Yakeshi,CN,49.28,120.73,91.96,25,73,11.86,2020-07-24 02:49:55
Kirakira,SB,-10.45,161.92,84.2,74,10,15.66,2020-07-24 02:49:55
Saint Paul Harbor,US,57.79,-152.41,60.8,63,20,2.44,2020-07-24 02:45:27
Doka,SD,13.52,35.77,70.38,83,81,11.16,2020-07-24 02:49:56
Novosibirsk,RU,55.04,82.93,62.6,59,45,4.47,2020-07-24 02:49:56
Avarua,CK,-21.21,-159.78,73.4,94,1,4.7,2020-07-24 02:42:19
Kamina,CD,-8.74,24.99,55.81,51,0,3.6,2020-07-24 02:49:56
Carnarvon,AU,-24.87,113.63,69.8,46,0,12.75,2020-07-24 02:42:03
Basoko,CD,1.24,23.62,70.59,94,37,3.22,2020-07-24 02:49:56
Nantucket,US,41.28,-70.1,71.78,94,1,4.7,2020-07-24 02:46:04
Grão Mogol,BR,-16.56,-42.89,54.77,87,0,2.59,2020-07-24 02:49:56
Mount Isa,AU,-20.73,139.5,75.2,31,0,4.7,2020-07-24 02:47:09
Dongsheng,CN,39.82,109.98,76.78,46,100,12.77,2020-07-24 02:49:57
Santa Isabel,BR,-23.32,-46.22,60.76,87,1,2.24,2020-07-24 02:47:50
Safi,MA,32.3,-9.24,69.96,91,0,11.18,2020-07-24 02:49:52
Sirte,LY,31.21,16.59,75.16,82,0,5.91,2020-07-24 02:49:57
Roebourne,AU,-20.78,117.13,77.23,33,0,12.82,2020-07-24 02:49:57
Kumbo,CM,6.2,10.67,57.94,94,95,3.51,2020-07-24 02:49:57
Ritchie,ZA,-29.04,24.6,35.6,47,0,3.27,2020-07-24 02:49:57
Warrington,GB,53.39,-2.58,57.94,100,69,8.05,2020-07-24 02:49:57
Yellowknife,CA,62.46,-114.35,57.34,87,75,12.75,2020-07-24 02:40:47
Flinders,AU,-34.58,150.86,63.0,71,0,10.0,2020-07-24 02:46:21
Nouadhibou,MR,20.93,-17.03,75.2,78,23,13.87,2020-07-24 02:49:58
Lázaro Cárdenas,MX,17.96,-102.2,80.35,78,99,2.44,2020-07-24 02:49:58
Tiksi,RU,71.69,128.87,67.77,52,6,11.86,2020-07-24 02:45:36
Kahului,US,20.89,-156.47,80.51,48,40,20.8,2020-07-24 02:42:26
Ialibu,PG,-6.28,143.99,75.2,60,40,5.82,2020-07-24 02:49:58
Cidreira,BR,-30.18,-50.21,64.94,82,92,8.16,2020-07-24 02:42:12
Kindu,CD,-2.95,25.95,75.63,58,98,0.81,2020-07-24 02:49:58
Faanui,PF,-16.48,-151.75,77.34,82,17,20.56,2020-07-24 02:45:21
Bethel,US,41.37,-73.41,70.11,88,90,3.85,2020-07-24 02:45:25
Carlisle,US,40.2,-77.19,75.81,83,100,1.01,2020-07-24 02:49:59
Belūsovka,KZ,50.13,82.52,69.8,60,75,2.24,2020-07-24 02:49:59
Fatehgarh Chūriān,IN,31.86,74.96,84.2,83,0,4.7,2020-07-24 02:49:59
Vaitape,PF,-16.52,-151.75,78.19,80,18,20.45,2020-07-24 02:49:59
Arrondissement de Narbonne,FR,43.08,2.83,74.01,69,1,12.75,2020-07-24 02:49:59
Boysun,UZ,38.21,67.2,85.03,16,0,1.61,2020-07-24 02:49:59
Kushmurun,KZ,52.45,64.63,65.03,80,100,12.1,2020-07-24 02:49:59
Bismarck,US,46.81,-100.78,80.78,74,1,14.99,2020-07-24 02:45:08
Yorosso,ML,12.35,-4.78,73.38,89,81,10.8,2020-07-24 02:50:00
Akonolinga,CM,3.77,12.25,66.24,97,93,4.34,2020-07-24 02:50:00
Castro,BR,-24.79,-50.01,55.81,77,5,3.13,2020-07-24 02:45:20
Campos Belos,BR,-13.04,-46.77,65.52,50,1,3.31,2020-07-24 02:50:00
Kungurtug,RU,50.6,97.52,72.63,44,100,1.99,2020-07-24 02:50:00
Malatya Province,TR,38.5,38.0,71.6,49,0,6.51,2020-07-24 02:50:00
Padang,ID,-0.95,100.35,84.2,74,20,2.24,2020-07-24 02:50:00
Hofn,IS,64.25,-15.21,47.73,62,71,13.2,2020-07-24 02:47:02
São Geraldo do Araguaia,BR,-6.4,-48.55,78.12,49,21,1.68,2020-07-24 02:50:01
Atar,MR,20.52,-13.05,89.04,43,20,9.04,2020-07-24 02:46:11
Dikson,RU,73.51,80.55,42.82,88,0,3.2,2020-07-24 02:46:46
High Level,CA,58.52,-117.14,66.2,68,75,4.7,2020-07-24 02:50:02
Lata,PT,40.16,-8.33,61.02,82,3,6.93,2020-07-24 02:50:02
Katsuura,JP,35.13,140.3,80.56,79,100,1.01,2020-07-24 02:45:27
Hervey Bay,AU,-25.3,152.85,64.0,94,68,5.99,2020-07-24 02:50:02
Lorengau,PG,-2.02,147.27,84.65,76,72,10.11,2020-07-24 02:50:02
Saint-Philippe,RE,-21.36,55.77,59.02,52,90,18.34,2020-07-24 02:45:18
Kununurra,AU,-15.77,128.73,80.6,22,0,12.75,2020-07-24 02:42:00
Bac Lieu,VN,9.29,105.72,85.28,69,97,9.28,2020-07-24 02:47:04
Vila Franca do Campo,PT,37.72,-25.43,60.8,82,20,2.24,2020-07-24 02:41:12
Haines Junction,CA,60.75,-137.51,61.5,71,73,2.19,2020-07-24 02:50:03
Brigantine,US,39.41,-74.36,80.74,78,1,5.82,2020-07-24 02:45:24
Lyuban',BY,52.8,28.0,47.57,92,0,4.76,2020-07-24 02:50:03
‘Āhuimanu,US,21.44,-157.84,82.67,62,20,11.41,2020-07-24 02:50:03
Praia,CV,14.92,-23.51,80.6,78,20,9.17,2020-07-24 02:50:03
Lagoa,PT,39.05,-27.98,68.94,76,1,6.69,2020-07-24 02:46:09
Vila Velha,BR,-20.33,-40.29,64.4,93,0,3.36,2020-07-24 02:50:04
Beringovskiy,RU,63.05,179.32,53.96,63,91,8.12,2020-07-24 02:45:43
Kigorobya,UG,1.62,31.31,64.47,93,87,2.59,2020-07-24 02:50:04
Mto wa Mbu,TZ,-3.35,35.85,61.07,78,68,3.44,2020-07-24 02:50:04
Ribeira Grande,PT,38.52,-28.7,69.24,71,13,6.11,2020-07-24 02:45:39
Bambous Virieux,MU,-20.34,57.76,68.0,59,71,10.0,2020-07-24 02:45:24
Albury,AU,-36.08,146.92,48.6,87,41,4.7,2020-07-24 02:48:32
Arrondissement de Sens,FR,48.17,3.33,64.02,63,72,1.12,2020-07-24 02:50:04
Cabo San Lucas,MX,22.89,-109.91,83.66,73,5,17.22,2020-07-24 02:43:00
Port Moresby,PG,-9.44,147.18,86.0,66,40,14.99,2020-07-24 02:42:03
Thinadhoo,MV,0.53,72.93,82.9,69,73,6.06,2020-07-24 02:50:05
Port Hedland,AU,-20.32,118.57,80.6,15,0,11.41,2020-07-24 02:45:53
Yarkovo,RU,57.4,67.08,61.0,62,0,7.78,2020-07-24 02:45:57
Road Town,VG,18.42,-64.62,82.33,95,52,4.0,2020-07-24 02:50:05
Estelle,US,29.85,-90.11,79.65,94,75,9.17,2020-07-24 02:50:05
Korla,CN,41.76,86.15,72.0,88,0,6.67,2020-07-24 02:50:05
Emirdağ,TR,39.02,31.15,60.58,58,0,3.89,2020-07-24 02:50:05
Sitka,US,57.05,-135.33,57.2,82,75,11.41,2020-07-24 02:45:52
Kompaniyivka,UA,48.25,32.21,62.35,60,88,4.18,2020-07-24 02:46:37
Noshiro,JP,40.2,140.02,77.0,78,75,6.93,2020-07-24 02:50:06
Hithadhoo,MV,-0.6,73.08,83.12,70,92,10.96,2020-07-24 02:45:39
Don Luan,VN,11.53,106.92,75.69,91,100,1.68,2020-07-24 02:50:06
Asilah,MA,35.47,-6.03,73.4,64,0,3.36,2020-07-24 02:50:06
Fukuechō,JP,32.69,128.84,77.0,83,75,12.75,2020-07-24 02:50:06
San Blas,MX,21.52,-105.27,68.0,100,90,3.36,2020-07-24 02:50:06
Puri,IN,19.8,85.85,82.4,88,75,8.9,2020-07-24 02:50:06
Khani,GE,41.96,42.96,69.8,94,75,4.7,2020-07-24 02:50:07
San Javier,ES,37.81,-0.84,74.19,83,0,3.36,2020-07-24 02:50:07
Launceston,AU,-41.45,147.17,47.52,76,100,8.05,2020-07-24 02:47:00
Chabahar,IR,25.29,60.64,85.08,74,72,8.25,2020-07-24 02:50:07
Gopālpur,IN,19.27,84.92,85.08,65,98,1.97,2020-07-24 02:50:07
Nishihara,JP,26.18,127.76,88.09,66,75,14.99,2020-07-24 02:47:15
Haradok,BY,55.46,29.98,46.24,95,33,4.9,2020-07-24 02:50:07
Provideniya,RU,64.38,-173.3,53.6,71,85,11.18,2020-07-24 02:45:47
Rosa Zarate,EC,0.33,-79.47,71.53,90,92,1.74,2020-07-24 02:50:07
Port Macquarie,AU,-31.43,152.92,60.01,94,54,6.51,2020-07-24 02:46:52
Cabra,ES,37.47,-4.44,79.0,47,0,3.38,2020-07-24 02:50:08
Honiara,SB,-9.43,159.95,87.8,70,75,10.29,2020-07-24 02:50:08
Bathsheba,BB,13.22,-59.52,82.4,69,75,10.29,2020-07-24 02:46:00
Salym,RU,60.06,71.48,64.06,59,99,3.94,2020-07-24 02:50:08
Homer,US,59.64,-151.55,57.76,67,1,11.41,2020-07-24 02:50:08
Yulara,AU,-25.24,130.99,64.4,31,0,3.36,2020-07-24 02:43:16
Batagay,RU,67.63,134.63,83.44,27,0,8.95,2020-07-24 02:50:08
Zhigansk,RU,66.77,123.37,69.46,59,27,15.99,2020-07-24 02:46:33
Mengcheng,CN,33.26,116.57,75.72,83,100,2.3,2020-07-24 02:50:08
Chacarita,CR,9.98,-84.77,68.0,100,20,2.24,2020-07-24 02:50:09
Dromolaxia,CY,34.88,33.59,75.6,88,20,5.82,2020-07-24 02:50:09
Baghdad,IQ,33.34,44.4,84.2,32,1,4.7,2020-07-24 02:47:20
Tromsø,NO,69.65,18.96,48.2,93,75,8.05,2020-07-24 02:50:09
Hualmay,PE,-11.1,-77.61,61.23,85,84,7.96,2020-07-24 02:46:18
Husavik,IS,66.04,-17.34,44.6,81,90,9.17,2020-07-24 02:45:54
Mayo,US,38.89,-76.51,74.44,88,40,12.75,2020-07-24 02:45:23
Baruun-Urt,MN,46.68,113.28,84.56,35,97,4.5,2020-07-24 02:50:09
Egvekinot,RU,66.32,-179.17,65.08,50,68,4.27,2020-07-24 02:46:29
Ust-Nera,RU,64.57,143.2,85.35,34,91,1.03,2020-07-24 02:50:10
Hūn,LY,29.13,15.95,67.24,68,0,1.34,2020-07-24 02:49:20
Pangody,RU,65.85,74.49,55.56,58,0,15.21,2020-07-24 02:50:10
Staropyshminsk,RU,56.94,60.9,60.8,63,30,8.95,2020-07-24 02:50:10
Airai,TL,-8.93,125.41,71.64,38,37,4.45,2020-07-24 02:41:44
Paita,PE,-5.09,-81.11,62.91,83,9,14.99,2020-07-24 02:50:10
Anadyr,RU,64.75,177.48,64.18,63,78,4.47,2020-07-24 02:47:07
Departamento de Maldonado,UY,-34.67,-54.92,53.29,100,90,6.93,2020-07-24 02:47:26
Pochutla,MX,15.74,-96.47,76.1,88,64,2.37,2020-07-24 02:50:10
Meulaboh,ID,4.14,96.13,81.75,73,68,2.44,2020-07-24 02:47:10
Dauriya,RU,49.93,116.87,86.38,41,100,6.71,2020-07-24 02:50:11
Nikolskoye,RU,59.7,30.79,48.69,81,20,4.47,2020-07-24 02:46:27
Hearst,CA,49.68,-83.67,65.07,58,37,6.58,2020-07-24 02:50:11
Benxi,CN,41.29,123.77,82.4,69,100,4.47,2020-07-24 02:50:11
Khobi,GE,42.32,41.9,69.8,94,75,4.7,2020-07-24 02:50:11
Kalispell,US,48.2,-114.31,76.82,26,20,12.75,2020-07-24 02:50:11
Puerto Baquerizo Moreno,EC,-0.9,-89.6,68.68,87,100,10.45,2020-07-24 02:50:11
São Félix do Xingu,BR,-6.64,-51.99,73.33,60,58,1.3,2020-07-24 02:50:11
Hong Kong,HK,22.29,114.16,91.17,62,70,8.01,2020-07-24 02:42:19
Dunedin,NZ,-45.87,170.5,50.63,44,66,5.01,2020-07-24 02:46:32
Rolla,US,37.95,-91.77,74.77,83,1,6.93,2020-07-24 02:50:12
Tuktoyaktuk,CA,69.45,-133.04,62.6,48,20,16.11,2020-07-24 02:45:42
Vigrestad,NO,58.57,5.7,53.73,87,75,4.7,2020-07-24 02:50:12
Hobyo,SO,5.35,48.53,76.6,73,75,24.81,2020-07-24 02:50:12
Butajīra,ET,8.12,38.37,55.72,83,61,3.36,2020-07-24 02:50:12
Ostrovnoy,RU,68.05,39.51,61.03,84,98,10.36,2020-07-24 02:45:29
Ilulissat,GL,69.22,-51.1,50.0,66,100,1.12,2020-07-24 02:43:30
Hasaki,JP,35.73,140.83,79.88,78,75,3.36,2020-07-24 02:41:47
Nara,JP,34.69,135.8,85.21,70,75,5.82,2020-07-24 02:45:34
Novoagansk,RU,61.94,76.66,61.61,56,11,9.46,2020-07-24 02:50:13
Nyurba,RU,63.28,118.33,78.94,52,0,2.73,2020-07-24 02:47:01
Morros,BR,-9.45,-46.3,76.17,51,100,7.7,2020-07-24 02:50:13
Mazatlán,MX,23.22,-106.42,84.58,74,40,5.82,2020-07-24 02:50:13
Carballo,ES,43.21,-8.69,58.73,93,12,2.24,2020-07-24 02:50:13
Siyabuswa,ZA,-25.11,29.04,41.36,87,0,2.26,2020-07-24 02:50:13
Quattro Castella,IT,44.63,10.47,72.86,73,100,0.81,2020-07-24 02:50:13
‘Ewa Beach,US,21.32,-158.01,86.79,45,75,6.93,2020-07-24 02:50:13
Abu Dhabi,AE,24.47,54.37,91.4,52,0,9.17,2020-07-24 02:50:13
Agadez,NE,19.75,10.25,83.84,17,0,11.21,2020-07-24 02:50:13
Nanortalik,GL,60.14,-45.24,44.96,92,100,8.41,2020-07-24 02:43:40
Adrar,MR,20.5,-10.07,93.56,26,0,12.24,2020-07-24 02:50:14
Cherepanovo,RU,54.22,83.38,61.18,69,83,7.0,2020-07-24 02:50:14
Caravelas,BR,-17.71,-39.25,71.49,90,100,8.25,2020-07-24 02:49:03
Marawi,PH,8.0,124.29,84.99,75,55,5.99,2020-07-24 02:50:14
Puerto del Rosario,ES,28.5,-13.86,71.6,83,20,13.87,2020-07-24 02:46:30
Olinda,BR,-8.01,-34.86,73.4,88,75,4.7,2020-07-24 02:45:41
Kumul,CN,42.8,93.45,81.09,40,96,6.82,2020-07-24 02:50:14
Baikunthpur,IN,23.25,82.55,77.81,81,100,2.55,2020-07-24 02:50:15
Ertil',RU,51.84,40.81,56.37,77,100,3.4,2020-07-24 02:50:15
Sabang,ID,5.89,95.32,81.73,73,100,4.34,2020-07-24 02:45:57
Gornyy,RU,55.12,83.91,60.26,66,9,2.35,2020-07-24 02:50:15
Grøa,NO,62.65,8.72,50.0,81,50,8.05,2020-07-24 02:50:15
Bonavista,CA,48.65,-53.11,61.02,79,92,12.62,2020-07-24 02:42:51
Uribia,CO,11.71,-72.27,80.06,74,29,10.92,2020-07-24 02:50:15
Thompson,CA,55.74,-97.86,78.8,65,20,5.82,2020-07-24 02:42:25
Neuquén,AR,-38.95,-68.06,32.0,91,57,5.82,2020-07-24 02:50:16
Los Llanos de Aridane,ES,28.66,-17.92,72.95,77,75,17.22,2020-07-24 02:50:16
Olafsvik,IS,64.89,-23.71,44.87,77,18,19.22,2020-07-24 02:45:41
Kayerkan,RU,69.35,87.76,50.0,76,23,24.61,2020-07-24 02:50:16
Samarai,PG,-10.62,150.67,79.65,82,72,12.12,2020-07-24 02:46:01
Salto,UY,-31.38,-57.97,50.0,97,100,5.99,2020-07-24 02:50:16
Fortuna,US,40.6,-124.16,58.75,87,75,12.75,2020-07-24 02:46:48
Souillac,MU,-20.52,57.52,66.45,69,70,24.52,2020-07-24 02:46:57
Cedar City,US,37.68,-113.06,73.4,33,1,10.29,2020-07-24 02:50:16
Srednekolymsk,RU,67.45,153.68,90.05,28,2,6.46,2020-07-24 02:50:17
Cangzhou,CN,38.32,116.87,94.84,29,0,9.53,2020-07-24 02:50:17
Mazagão,BR,-0.12,-51.29,80.6,100,40,5.82,2020-07-24 02:50:17
College,US,64.86,-147.8,62.69,55,75,8.05,2020-07-24 02:43:37
Ţaga,RO,46.95,24.05,59.0,100,63,3.36,2020-07-24 02:50:17
Namatanai,PG,-3.67,152.43,84.24,73,97,10.92,2020-07-24 02:46:56
Longyearbyen,SJ,78.22,15.64,46.4,93,75,6.93,2020-07-24 02:45:24
Camacha,PT,33.08,-16.33,68.0,82,75,11.41,2020-07-24 02:47:05
Chuka,KE,-0.33,37.65,57.96,87,83,1.79,2020-07-24 02:50:17
Antsohihy,MG,-14.88,47.99,69.37,61,80,9.91,2020-07-24 02:50:17
Nigrita,GR,40.91,23.5,71.35,74,0,0.89,2020-07-24 02:50:18
Saldanha,ZA,-33.01,17.94,50.0,76,0,2.24,2020-07-24 02:46:39
Versailles,FR,48.8,2.13,63.59,59,92,4.7,2020-07-24 02:50:18
Kavaratti,IN,10.57,72.64,82.38,79,100,11.88,2020-07-24 02:46:13
Coos Bay,US,43.37,-124.22,59.99,82,1,14.99,2020-07-24 02:46:30
Nome,US,64.5,-165.41,48.07,81,90,9.17,2020-07-24 02:43:57
Ratnagiri,IN,16.98,73.3,80.19,83,100,3.36,2020-07-24 02:50:18
Chake Chake,TZ,-5.25,39.77,73.8,74,0,12.48,2020-07-24 02:50:18
Biskamzha,RU,53.45,89.53,63.86,68,78,2.91,2020-07-24 02:50:18
Karratha,AU,-20.74,116.85,77.99,34,0,12.53,2020-07-24 02:46:08
Newport,GB,51.59,-3.0,60.39,94,42,7.81,2020-07-24 02:50:19
Hamilton,US,39.18,-84.53,73.11,94,90,2.33,2020-07-24 02:45:36
Kuril'sk,RU,45.23,147.88,57.85,94,100,1.9,2020-07-24 02:50:19
Severnyy,RU,50.68,36.55,55.4,71,92,2.33,2020-07-24 02:49:38
Kudahuvadhoo,MV,2.67,72.89,82.63,73,99,8.95,2020-07-24 02:50:19
Ahipara,NZ,-35.17,173.17,58.24,69,43,10.29,2020-07-24 02:46:18
Tyup,KG,42.73,78.36,71.82,30,0,3.18,2020-07-24 02:50:19
Leningradskiy,RU,69.38,178.42,44.83,73,88,10.51,2020-07-24 02:50:19
Skellefteå,SE,64.75,20.95,52.56,93,86,4.7,2020-07-24 02:50:19
Tsimmerbude,RU,54.67,20.13,51.8,93,4,6.71,2020-07-24 02:50:20
Farah,AF,32.5,62.5,86.02,13,0,8.39,2020-07-24 02:47:16
Timbiquí,CO,2.77,-77.67,74.71,90,97,3.18,2020-07-24 02:50:20
Cherskiy,RU,68.75,161.3,73.02,55,0,11.63,2020-07-24 02:45:29
Alihe,CN,50.57,123.72,94.3,30,80,4.61,2020-07-24 02:50:20
Makakilo City,US,21.35,-158.09,86.72,45,75,6.93,2020-07-24 02:45:32
Rock Sound,BS,24.9,-76.2,83.23,77,74,18.48,2020-07-24 02:50:20
Piripiri,BR,-4.27,-41.78,72.82,72,31,2.73,2020-07-24 02:50:20
Batabanó,CU,22.72,-82.29,77.0,100,75,2.24,2020-07-24 02:50:20
Bamiantong,CN,44.93,130.53,85.14,44,75,2.51,2020-07-24 02:50:20
Aklavik,CA,68.22,-135.01,64.4,42,20,10.29,2020-07-24 02:42:16
Steamboat Springs,US,40.48,-106.83,66.97,49,75,4.7,2020-07-24 02:47:29
Talaya,RU,61.38,152.75,74.28,33,63,6.82,2020-07-24 02:50:21
La Ronge,CA,55.1,-105.28,71.6,73,75,12.75,2020-07-24 02:45:28
Angoche,MZ,-16.23,39.91,69.37,81,7,10.83,2020-07-24 02:50:21
Alamosa,US,37.47,-105.87,69.8,43,1,6.93,2020-07-24 02:50:21
Salekhard,RU,66.53,66.6,58.91,58,69,8.32,2020-07-24 02:50:21
San Cristobal,VE,7.77,-72.22,64.53,91,88,2.62,2020-07-24 02:50:21
Port-Gentil,GA,-0.72,8.78,75.52,76,71,9.48,2020-07-24 02:46:05
Pacific Grove,US,36.62,-121.92,60.01,82,90,10.29,2020-07-24 02:41:18
Peterhead,GB,57.51,-1.8,54.43,87,75,10.29,2020-07-24 02:50:22
Ayorou,NE,14.73,0.92,87.19,56,74,15.37,2020-07-24 02:50:22
Mendoza,AR,-32.89,-68.83,33.8,86,0,3.36,2020-07-24 02:50:22
Mīzan Teferī,ET,6.98,35.58,59.07,90,88,2.1,2020-07-24 02:50:22
Kimbe,PG,-5.55,150.14,86.56,74,48,6.51,2020-07-24 02:50:22
Taoudenni,ML,22.68,-3.98,94.93,13,0,1.79,2020-07-24 02:43:50
Codrington,AU,-38.27,141.97,53.92,68,100,12.1,2020-07-24 02:45:32
Port Augusta,AU,-32.5,137.77,62.17,39,0,21.92,2020-07-24 02:50:22
Seymchan,RU,62.88,152.43,83.97,27,0,7.09,2020-07-24 02:50:22
Suicheng,CN,33.9,117.93,80.1,62,46,3.58,2020-07-24 02:50:22
Namtsy,RU,62.72,129.67,84.2,32,42,4.47,2020-07-24 02:50:23
Saint George,US,37.1,-113.58,86.95,25,1,18.34,2020-07-24 02:45:57
Ambon City,ID,-3.7,128.18,81.99,88,75,5.82,2020-07-24 02:50:23
Marabá,BR,-5.37,-49.12,74.98,66,13,2.13,2020-07-24 02:50:23
Champasak,LA,14.75,106.0,80.6,83,75,6.93,2020-07-24 02:50:23
Tabou,CI,4.42,-7.35,74.8,88,100,7.67,2020-07-24 02:50:23
Aitape,PG,-3.14,142.35,86.07,70,17,7.9,2020-07-24 02:50:23
Noumea,NC,-22.28,166.46,76.42,57,75,5.82,2020-07-24 02:50:23
Yeppoon,AU,-23.13,150.73,71.6,60,90,8.05,2020-07-24 02:50:23
Ekibastuz,KZ,51.67,75.37,70.05,55,100,12.59,2020-07-24 02:50:24
Bereda,ES,43.27,-7.54,56.89,100,61,1.77,2020-07-24 02:46:56
Zhangye,CN,38.93,100.45,65.14,75,100,1.81,2020-07-24 02:50:24
Lüderitz,NA,-26.65,15.16,71.6,17,0,3.36,2020-07-24 02:46:15
Half Moon Bay,US,37.46,-122.43,62.91,93,90,6.93,2020-07-24 02:45:40
Burnie,AU,-41.07,145.92,48.99,77,100,5.01,2020-07-24 02:50:24
Kaohsiung City,TW,22.62,120.31,89.76,66,75,5.82,2020-07-24 02:50:24
Saint-Augustin,CA,51.23,-58.65,62.17,66,92,8.23,2020-07-24 02:43:46
Jiayuguan City,CN,39.82,98.3,68.63,53,100,4.74,2020-07-24 02:50:24
Nhulunbuy,AU,-12.23,136.77,80.6,65,90,13.87,2020-07-24 02:50:24
Puerto Madryn,AR,-42.77,-65.04,37.69,76,92,10.0,2020-07-24 02:46:32
Kargasok,RU,59.06,80.86,63.99,62,0,7.56,2020-07-24 02:50:25
Pedasí,PA,7.53,-80.03,79.09,82,100,5.08,2020-07-24 02:50:25
Northam,GB,51.03,-4.22,60.33,99,55,3.0,2020-07-24 02:47:11
Sioux Lookout,CA,50.1,-91.92,71.6,53,40,5.82,2020-07-24 02:45:59
Tupik,RU,54.43,119.93,68.81,87,100,4.56,2020-07-24 02:50:25
San Juan,AR,-31.54,-68.54,37.47,72,0,2.64,2020-07-24 02:50:25
San Quintín,MX,30.48,-115.95,65.5,80,0,11.16,2020-07-24 02:46:35
Vostok,RU,46.49,135.88,69.58,70,81,4.38,2020-07-24 02:46:36
Pauini,BR,-7.71,-66.98,75.78,58,54,2.62,2020-07-24 02:50:25
Gōtsuchō,JP,35.0,132.22,75.2,94,75,12.75,2020-07-24 02:50:25
New Ulm,US,44.31,-94.46,74.79,73,1,8.05,2020-07-24 02:46:00
Virginia Beach,US,36.85,-75.98,76.28,88,90,4.7,2020-07-24 02:42:19
La Unión,PE,-5.4,-80.75,64.58,75,33,15.93,2020-07-24 02:50:26
Avera,US,33.19,-82.53,75.72,67,75,4.7,2020-07-24 02:47:05
Kyra,RU,49.58,111.98,75.24,62,100,3.2,2020-07-24 02:50:26
Trenggalek,ID,-8.05,111.72,77.88,71,98,7.54,2020-07-24 02:49:04
Yumen,CN,40.28,97.2,78.62,33,100,5.35,2020-07-24 02:46:58
Karasjok,NO,69.47,25.51,50.0,100,90,3.36,2020-07-24 02:50:26
São João da Barra,BR,-21.64,-41.05,70.54,80,0,11.32,2020-07-24 02:41:30
Sobotín,CZ,50.01,17.09,51.55,92,96,2.39,2020-07-24 02:50:26
Nizwá,OM,22.93,57.53,79.65,70,38,3.58,2020-07-24 02:50:26
Kajaani,FI,64.23,27.73,51.8,93,80,4.7,2020-07-24 02:50:26
Sungai Penuh,ID,-2.08,101.38,76.3,66,96,2.1,2020-07-24 02:50:27
Pevek,RU,69.7,170.31,49.71,68,82,8.75,2020-07-24 02:45:52
Kodinsk,RU,58.69,99.18,56.73,87,100,5.39,2020-07-24 02:50:27
Inírida,CO,3.87,-67.92,72.73,95,100,2.3,2020-07-24 02:50:27
Mahébourg,MU,-20.41,57.7,66.78,69,72,24.47,2020-07-24 02:45:18
Altay,CN,47.87,88.12,74.64,38,3,3.76,2020-07-24 02:45:38
Usevya,TZ,-7.1,31.23,60.44,56,14,6.04,2020-07-24 02:50:27
Escárcega,MX,18.61,-90.75,75.51,96,80,3.02,2020-07-24 02:46:03
Manakara,MG,-22.13,48.02,63.39,77,78,7.76,2020-07-24 02:50:28
Vardø,NO,70.37,31.11,59.0,87,20,6.93,2020-07-24 02:42:51
Touros,BR,-5.2,-35.46,73.4,88,27,6.93,2020-07-24 02:46:00
Lamar,US,33.67,-95.58,80.76,78,1,5.82,2020-07-24 02:46:55
Mocuba,MZ,-16.84,36.99,60.31,96,91,4.63,2020-07-24 02:50:28
Cap Malheureux,MU,-19.98,57.61,68.0,59,70,10.0,2020-07-24 02:48:45
Castle Rock,US,39.37,-104.86,75.94,39,73,6.51,2020-07-24 02:50:28
Guerrero Negro,MX,27.98,-114.06,65.46,85,0,15.99,2020-07-24 02:50:28
Broome,US,42.25,-75.83,68.74,88,20,3.36,2020-07-24 02:42:59
Mar del Plata,AR,-38.0,-57.56,52.63,93,75,9.17,2020-07-24 02:44:25
Viedma,AR,-40.81,-63.0,42.01,93,100,10.0,2020-07-24 02:48:23
Saint-Joseph,RE,-21.37,55.62,59.41,52,90,18.34,2020-07-24 02:46:11
Sisimiut,GL,66.94,-53.67,48.11,82,100,8.95,2020-07-24 02:47:12
Nizhniy Tsasuchey,RU,50.52,115.13,80.15,54,100,7.63,2020-07-24 02:50:29
Invermere,CA,50.52,-116.04,73.0,38,0,4.0,2020-07-24 02:50:29
Meadow Lake,US,34.8,-106.54,67.8,68,75,6.93,2020-07-24 02:50:29
Hambantota,LK,6.12,81.12,77.0,100,40,14.99,2020-07-24 02:50:29
Thanjavur,IN,10.8,79.15,80.6,78,40,4.7,2020-07-24 02:50:29
Jalu,LY,29.03,21.55,72.3,68,0,6.24,2020-07-24 02:42:05
Vestmanna,FO,62.16,-7.17,50.0,100,100,13.87,2020-07-24 02:50:29
Pilas,ES,37.3,-6.3,75.99,72,0,2.35,2020-07-24 02:50:30
Havelock,US,34.88,-76.9,82.44,85,50,1.99,2020-07-24 02:50:30
Rucheng,CN,32.39,120.56,82.99,65,96,12.5,2020-07-24 02:50:30
Gwadar,PK,25.12,62.33,84.16,77,18,10.63,2020-07-24 02:50:30
Muhafazat Lahij,YE,13.17,44.58,82.36,65,0,4.72,2020-07-24 02:50:30
Tombouctou,ML,20.0,-3.0,95.97,25,0,8.75,2020-07-24 02:50:30
Bonfim,BR,3.08,-59.95,76.98,84,65,1.54,2020-07-24 02:50:30
Henderson,US,36.04,-114.98,96.85,9,1,17.22,2020-07-24 02:48:09
Waingapu,ID,-9.66,120.26,81.97,48,49,16.4,2020-07-24 02:50:30
Tautira,PF,-17.73,-149.15,78.4,69,75,4.7,2020-07-24 02:50:30
Muros,ES,42.78,-9.06,60.01,84,2,1.01,2020-07-24 02:45:34
The Valley,AI,18.22,-63.06,79.86,88,75,13.87,2020-07-24 02:47:04
Buala,SB,-8.14,159.59,85.98,70,15,10.56,2020-07-24 02:50:31
Turan,VN,16.07,108.22,93.2,52,20,5.82,2020-07-24 02:50:31
Empalme,MX,27.97,-110.82,86.67,65,0,4.0,2020-07-24 02:50:31
Itarema,BR,-2.92,-39.92,76.68,86,100,10.42,2020-07-24 02:46:27
Miandrivazo,MG,-19.52,45.47,61.48,53,0,2.57,2020-07-24 02:50:31
Cayenne,GF,4.93,-52.33,75.2,100,100,1.12,2020-07-24 02:50:31
Port Lincoln,AU,-34.73,135.87,58.51,54,100,17.36,2020-07-24 02:46:00
Keetmanshoop,NA,-26.58,18.13,57.2,22,0,9.17,2020-07-24 02:50:31
Nagato,JP,34.38,131.2,76.69,94,75,12.75,2020-07-24 02:50:32
Río Gallegos,AR,-51.62,-69.22,37.4,69,75,13.87,2020-07-24 02:50:32
Kamenka,RU,51.32,42.77,53.01,80,100,1.01,2020-07-24 02:50:32
Oranjemund,NA,-28.55,16.43,67.55,25,0,9.31,2020-07-24 02:50:32
Abū Zabad,SD,12.35,29.25,77.68,68,100,14.63,2020-07-24 02:50:32
Lübben,DE,51.95,13.9,52.7,75,29,1.01,2020-07-24 02:50:32
Coquimbo,CL,-29.95,-71.34,52.79,69,44,1.5,2020-07-24 02:46:16
Kiruna,SE,67.86,20.23,46.4,100,100,9.17,2020-07-24 02:50:32
Forbes,AU,-33.38,148.02,64.99,42,0,3.0,2020-07-24 02:50:32
Pangoa,PE,-12.12,-73.0,67.59,89,50,2.42,2020-07-24 02:50:32
Gravelbourg,CA,49.88,-106.55,69.42,77,90,6.35,2020-07-24 02:50:33
Qandala,SO,11.47,49.87,87.33,49,0,10.49,2020-07-24 02:50:33
Constitución,CL,-35.33,-72.42,46.56,82,0,3.11,2020-07-24 02:46:23
La Palma,US,33.85,-118.05,69.33,60,1,8.05,2020-07-24 02:50:33
Waldorf,US,38.62,-76.94,71.73,96,100,4.5,2020-07-24 02:45:53
Sutamarchán,CO,5.62,-73.62,57.92,82,100,2.86,2020-07-24 02:50:33
Makat,KZ,47.65,53.35,81.25,36,0,7.4,2020-07-24 02:50:33
Talpa,MX,28.83,-111.63,88.39,58,0,3.0,2020-07-24 02:50:32
Goderich,CA,43.75,-81.72,69.01,78,0,1.99,2020-07-24 02:50:33
Marrakesh,MA,31.63,-8.01,75.2,64,0,6.93,2020-07-24 02:50:30
Kaeo,NZ,-35.1,173.78,61.0,3,39,13.0,2020-07-24 02:50:34
Zunyi,CN,27.69,106.91,78.84,79,100,9.82,2020-07-24 02:46:42
Mandya,IN,12.52,76.9,75.2,83,75,5.82,2020-07-24 02:50:34
General Roca,AR,-39.03,-67.58,32.0,89,96,5.82,2020-07-24 02:50:34
Aban,RU,56.67,96.06,62.53,68,39,9.69,2020-07-24 02:50:34
Kewanee,US,41.25,-89.92,68.67,85,0,1.5,2020-07-24 02:50:34
Myaundzha,RU,63.05,147.19,79.23,37,30,6.73,2020-07-24 02:50:35
Edson,CA,53.58,-116.44,62.6,63,1,5.82,2020-07-24 02:50:35
Sambava,MG,-14.27,50.17,68.7,86,89,18.72,2020-07-24 02:50:35
Beira,MZ,-19.84,34.84,66.09,93,90,10.29,2020-07-24 02:50:35
Manicoré,BR,-5.81,-61.3,75.2,100,3,2.53,2020-07-24 02:50:35
Mailāni,IN,28.28,80.35,84.61,71,3,10.96,2020-07-24 02:50:35
Cascais,PT,38.7,-9.42,65.62,77,0,19.71,2020-07-24 02:45:56
San Policarpo,PH,12.18,125.51,85.44,68,100,5.19,2020-07-24 02:50:35
Doha,QA,25.29,51.53,92.48,75,1,9.17,2020-07-24 02:45:43
Remedios,CU,22.49,-79.55,75.2,88,75,4.7,2020-07-24 02:50:36
Cururupu,BR,-1.83,-44.87,74.82,89,51,3.15,2020-07-24 02:46:53
Ternate,ID,0.8,127.4,83.46,71,36,5.37,2020-07-24 02:50:36
Siderno,IT,38.28,16.3,75.15,78,5,4.7,2020-07-24 02:50:36
Beirut,LB,33.89,35.49,67.86,58,0,1.99,2020-07-24 02:50:03
St-Jean-Port-Joli,CA,47.22,-70.27,63.84,81,87,1.07,2020-07-24 02:50:36
Dingle,PH,11.0,122.67,87.8,65,100,1.86,2020-07-24 02:50:36
Balkanabat,TM,39.51,54.37,86.56,40,95,6.44,2020-07-24 02:50:37
Loikaw,MM,19.67,97.21,82.38,70,28,1.41,2020-07-24 02:50:37
Mushie,CD,-3.02,16.9,75.45,52,0,2.44,2020-07-24 02:50:37
Panalingaan,PH,8.78,117.42,84.4,74,100,4.36,2020-07-24 02:50:37
Jalingo,NG,8.88,11.37,73.67,90,100,4.23,2020-07-24 02:50:37
Iisalmi,FI,63.56,27.19,51.8,93,20,3.36,2020-07-24 02:50:37
Jega,NG,12.22,4.38,76.96,83,98,8.1,2020-07-24 02:50:37
Chapais,CA,49.78,-74.85,62.6,72,1,3.36,2020-07-24 02:43:01
Montevideo,UY,-34.83,-56.17,52.52,93,90,9.17,2020-07-24 02:46:51
Puerto Carreño,CO,6.19,-67.49,77.52,82,100,2.15,2020-07-24 02:50:38
Lac du Bonnet,CA,50.25,-96.06,72.52,99,1,3.0,2020-07-24 02:50:38
Daru,PG,-9.08,143.21,79.88,78,47,15.97,2020-07-24 02:50:38
Zhangjiakou,CN,40.81,114.88,81.93,36,21,4.45,2020-07-24 02:50:38
Gondanglegi,ID,-7.75,112.01,82.76,59,91,10.02,2020-07-24 02:50:38
Yanggu,CN,36.11,115.78,87.21,40,1,4.9,2020-07-24 02:48:43
Opelousas,US,30.53,-92.08,81.41,78,1,4.7,2020-07-24 02:50:39
Eilat,IL,29.56,34.95,86.0,35,0,6.93,2020-07-24 02:50:39
Pathein,MM,16.78,94.73,87.01,66,2,1.79,2020-07-24 02:50:39
Boguchany,RU,58.38,97.45,60.55,72,98,6.58,2020-07-24 02:50:40
Candabong,PH,9.73,124.54,85.71,67,73,5.79,2020-07-24 02:50:40
Killybegs,IE,54.63,-8.45,54.0,94,6,2.51,2020-07-24 02:50:40
Kachīry,KZ,53.07,76.1,66.4,64,87,14.29,2020-07-24 02:50:40
Kaišiadorys,LT,54.87,24.45,46.09,87,0,3.36,2020-07-24 02:50:41
Laguna,US,38.42,-121.42,79.77,39,1,11.41,2020-07-24 02:50:41
Moberly,US,39.42,-92.44,77.02,82,38,1.99,2020-07-24 02:50:41
Sur,OM,22.57,59.53,85.57,66,7,10.13,2020-07-24 02:50:41
Kitimat,CA,54.05,-128.65,53.6,93,90,14.99,2020-07-24 02:46:24
Tubualá,PA,9.52,-79.03,77.0,94,40,2.24,2020-07-24 02:50:41
Klaksvík,FO,62.23,-6.59,50.0,100,100,13.87,2020-07-24 02:50:42
Vasyshcheve,UA,49.83,36.33,55.2,76,90,2.24,2020-07-24 02:50:42
Vung Tau,VN,10.35,107.08,79.16,82,100,5.14,2020-07-24 02:50:42
Dondaicha,IN,21.33,74.57,83.66,69,34,10.51,2020-07-24 02:50:42
Tateyama,JP,34.98,139.87,79.65,88,75,2.24,2020-07-24 02:45:25
Dire Dawa,ET,9.59,41.87,68.23,68,84,10.2,2020-07-24 02:50:42
Itoman,JP,26.12,127.67,88.11,74,75,11.41,2020-07-24 02:50:34
Tuy Hoa,VN,13.08,109.3,86.81,61,100,6.64,2020-07-24 02:50:42
Sehithwa,BW,-20.47,22.72,49.6,73,0,10.36,2020-07-24 02:50:43
Duluth,US,46.78,-92.11,61.12,77,1,10.29,2020-07-24 02:50:43
Comacchio,IT,44.7,12.19,73.11,83,69,4.7,2020-07-24 02:50:43
Asău,RO,46.43,26.4,57.0,98,56,3.38,2020-07-24 02:46:42
Zelenets,RU,61.88,50.75,62.6,93,56,6.71,2020-07-24 02:50:43
Sonneberg,DE,50.35,11.17,56.43,70,76,0.6,2020-07-24 02:50:43
Dayr Yūsuf,JO,32.49,35.8,75.2,41,0,8.05,2020-07-24 02:50:44
Pemba,MZ,-12.97,40.52,69.8,94,40,9.17,2020-07-24 02:50:44
Kiama,AU,-34.68,150.87,62.15,71,0,10.0,2020-07-24 02:50:44
Rio Grande,BR,-32.03,-52.1,66.0,90,100,12.71,2020-07-24 02:45:50
Nikolayevka,RU,53.13,47.2,57.22,77,0,7.76,2020-07-24 02:50:44
Halifax,CA,44.65,-63.57,67.35,94,100,5.75,2020-07-24 02:50:44
Muborak,UZ,39.26,65.15,87.48,27,0,12.26,2020-07-24 02:50:44
Clovis,US,36.83,-119.7,88.43,27,20,12.75,2020-07-24 02:48:02
Raahe,FI,64.68,24.48,53.42,93,75,6.93,2020-07-24 02:50:45
Russell,US,32.35,-85.2,74.16,94,40,4.7,2020-07-24 02:50:45
Santiago del Estero,AR,-27.8,-64.26,47.97,51,47,10.33,2020-07-24 02:50:45
Evensk,RU,61.95,159.23,61.36,62,37,10.71,2020-07-24 02:50:45
Kiryat Gat,IL,31.61,34.76,73.02,89,0,5.75,2020-07-24 02:46:19
Agrado,CO,2.26,-75.77,68.2,75,42,5.3,2020-07-24 02:50:45
Sucúa,EC,-2.47,-78.17,66.45,79,25,3.02,2020-07-24 02:50:46
Pedernales,DO,18.04,-71.74,81.12,71,21,6.78,2020-07-24 02:50:46
Ekenäs,FI,59.97,23.43,54.0,88,100,11.54,2020-07-24 02:50:46
Pangai,TO,-19.8,-174.35,78.8,69,75,13.87,2020-07-24 02:50:46
Kantunil,MX,20.8,-89.03,79.39,88,75,2.21,2020-07-24 02:50:46
Bakchar,RU,57.02,82.07,63.34,64,0,5.3,2020-07-24 02:50:46
Mogzon,RU,51.74,111.96,69.57,69,94,6.49,2020-07-24 02:50:47
Natal,BR,-5.79,-35.21,73.4,88,53,9.17,2020-07-24 02:50:47
Vieste,IT,41.88,16.18,71.13,88,5,5.82,2020-07-24 02:50:47
Tengzhou,CN,35.08,117.15,81.95,53,4,4.63,2020-07-24 02:50:47
Tianpeng,CN,30.99,103.94,86.34,95,98,6.46,2020-07-24 02:50:47
Acapulco de Juárez,MX,16.86,-99.89,82.4,83,75,4.7,2020-07-24 02:42:23
Birjand,IR,32.87,59.22,77.0,22,0,13.87,2020-07-24 02:47:04
Eldorado,BR,-23.79,-54.28,65.37,66,0,7.05,2020-07-24 02:50:48
Mtambile,TZ,-5.38,39.7,75.0,74,0,15.61,2020-07-24 02:50:48
Belaya Gora,RU,68.53,146.42,91.6,27,84,7.78,2020-07-24 02:50:48
Mariehamn,AX,60.1,19.93,55.4,62,100,8.05,2020-07-24 02:50:48
Green River,US,41.53,-109.47,66.2,45,1,11.41,2020-07-24 02:50:48
Forestville,US,38.85,-76.88,72.01,94,90,9.17,2020-07-24 02:50:48
Erzin,TR,36.96,36.2,78.01,90,6,1.59,2020-07-24 02:50:49
Novikovo,RU,51.15,37.89,57.43,79,92,1.61,2020-07-24 02:50:49
Clarksburg,US,39.28,-80.34,72.82,88,90,5.82,2020-07-24 02:47:40
Hay River,CA,60.82,-115.8,59.0,72,75,10.29,2020-07-24 02:50:49
Terney,RU,45.05,136.61,61.65,90,100,5.17,2020-07-24 02:50:49
Luau,AO,-10.71,22.22,50.11,57,0,5.19,2020-07-24 02:50:49
Batagay-Alyta,RU,67.8,130.41,77.34,35,0,2.39,2020-07-24 02:46:02
Kieta,PG,-6.22,155.63,86.59,62,99,6.55,2020-07-24 02:50:50
Marsá Maţrūḩ,EG,31.35,27.25,73.11,77,0,6.89,2020-07-24 02:46:25
Whyalla,AU,-33.03,137.58,62.6,39,0,21.92,2020-07-24 02:50:50
Suntar,RU,62.14,117.63,78.73,50,42,3.44,2020-07-24 02:50:50
Petropavlovka,RU,50.61,105.32,72.55,52,64,2.01,2020-07-24 02:50:50
Quelimane,MZ,-17.88,36.89,68.0,82,75,4.7,2020-07-24 02:50:50
Vilhena,BR,-12.74,-60.15,70.77,47,0,4.65,2020-07-24 02:46:07
Sakakah,SA,29.97,40.21,89.6,19,20,10.29,2020-07-24 02:50:50
Shahr-e Kord,IR,32.33,50.86,59.0,41,0,4.7,2020-07-24 02:50:51
Parabel',RU,58.7,81.48,64.26,65,0,6.73,2020-07-24 02:50:51
Silver City,US,32.77,-108.28,74.19,53,1,9.17,2020-07-24 02:46:29
Torbay,CA,47.67,-52.73,61.3,82,90,20.8,2020-07-24 02:41:45
Alberton,CA,46.82,-64.07,62.96,91,85,2.1,2020-07-24 02:50:51
Mindelo,CV,16.89,-24.98,78.8,78,75,6.93,2020-07-24 02:50:51
Saurimo,AO,-9.66,20.39,56.34,43,0,6.49,2020-07-24 02:50:51
La Rioja,ES,42.25,-2.5,64.4,68,76,8.05,2020-07-24 02:45:47
Alofi,NU,-19.06,-169.92,77.0,88,75,16.11,2020-07-24 02:47:07
Una,IN,20.82,71.03,84.94,74,31,11.61,2020-07-24 02:50:52
Falam,MM,22.92,93.68,69.87,96,100,1.34,2020-07-24 02:50:52
Dabola,GN,10.75,-11.12,70.9,93,100,2.86,2020-07-24 02:50:52
Turukhansk,RU,65.82,87.98,56.21,70,100,7.96,2020-07-24 02:50:52
Sandpoint,US,48.28,-116.55,72.0,46,1,3.96,2020-07-24 02:50:11
Sancti Spíritus,CU,21.93,-79.44,74.57,91,100,3.44,2020-07-24 02:50:53
Ambilobe,MG,-13.2,49.05,68.68,61,78,1.61,2020-07-24 02:50:08
Mogadishu,SO,2.04,45.34,76.64,73,80,23.42,2020-07-24 02:46:18
